Player_Name,Source_URL
Michael Jordan,https://en.wikipedia.org/wiki/Michael_Jordan
LeBron James,https://en.wikipedia.org/wiki/LeBron_James
Kareem Abdul-Jabbar,https://en.wikipedia.org/wiki/Kareem_Abdul-Jabbar
Bill Russell,https://en.wikipedia.org/wiki/Bill_Russell
Magic Johnson,https://en.wikipedia.org/wiki/Magic_Johnson
Wilt Chamberlain,https://en.wikipedia.org/wiki/Wilt_Chamberlain
Shaquille O'Neal,https://en.wikipedia.org/wiki/Shaquille_O%27Neal
Tim Duncan,https://en.wikipedia.org/wiki/Tim_Duncan
Larry Bird,https://en.wikipedia.org/wiki/Larry_Bird
Kobe Bryant,https://en.wikipedia.org/wiki/Kobe_Bryant
Al Horford,https://en.wikipedia.org/wiki/Al_Horford
Amar'e Stoudemire,https://en.wikipedia.org/wiki/Amar%27e_Stoudemire
Horace Grant,https://en.wikipedia.org/wiki/Horace_Grant
Adrian Dantley,https://en.wikipedia.org/wiki/Adrian_Dantley
Dikembe Mutombo,https://en.wikipedia.org/wiki/Dikembe_Mutombo
Ben Wallace,https://en.wikipedia.org/wiki/Ben_Wallace
Rudy Gobert,https://en.wikipedia.org/wiki/Rudy_Gobert
Chauncey Billups,https://en.wikipedia.org/wiki/Chauncey_Billups
Shai Gilgeous-Alexander,https://en.wikipedia.org/wiki/Shai_Gilgeous-Alexander
Bob Lanier,https://en.wikipedia.org/wiki/Bob_Lanier
Hakeem Olajuwon,https://en.wikipedia.org/wiki/Hakeem_Olajuwon
Stephen Curry,https://en.wikipedia.org/wiki/Stephen_Curry
Oscar Robertson,https://en.wikipedia.org/wiki/Oscar_Robertson
Kevin Durant,https://en.wikipedia.org/wiki/Kevin_Durant
Julius Erving,https://en.wikipedia.org/wiki/Julius_Erving
Jerry West,https://en.wikipedia.org/wiki/Jerry_West
Karl Malone,https://en.wikipedia.org/wiki/Karl_Malone
Kevin Garnett,https://en.wikipedia.org/wiki/Kevin_Garnett
Moses Malone,https://en.wikipedia.org/wiki/Moses_Malone
Dirk Nowitzki,https://en.wikipedia.org/wiki/Dirk_Nowitzki
David Robinson,https://en.wikipedia.org/wiki/David_Robinson
Giannis,https://en.wikipedia.org/wiki/Yannis
Charles Barkley,https://en.wikipedia.org/wiki/Charles_Barkley
Elgin Baylor,https://en.wikipedia.org/wiki/Elgin_Baylor
Isiah Thomas,https://en.wikipedia.org/wiki/Isiah_Thomas
Rick Barry,https://en.wikipedia.org/wiki/Rick_Barry
Dwyane Wade,https://en.wikipedia.org/wiki/Dwyane_Wade
Nikola Jokic,https://en.wikipedia.org/wiki/Nikola_Joki%C4%87
John Havlicek,https://en.wikipedia.org/wiki/John_Havlicek
Scottie Pippen,https://en.wikipedia.org/wiki/Scottie_Pippen
Chris Paul,https://en.wikipedia.org/wiki/Chris_Paul
Bob Pettit,https://en.wikipedia.org/wiki/Bob_Pettit
John Stockton,https://en.wikipedia.org/wiki/John_Stockton
James Harden,https://en.wikipedia.org/wiki/James_Harden
Kawhi Leonard,https://en.wikipedia.org/wiki/Kawhi_Leonard
George Mikan,https://en.wikipedia.org/wiki/George_Mikan
Jason Kidd,https://en.wikipedia.org/wiki/Jason_Kidd
Patrick Ewing,https://en.wikipedia.org/wiki/Patrick_Ewing
Steve Nash,https://en.wikipedia.org/wiki/Steve_Nash
Bob Cousy,https://en.wikipedia.org/wiki/Bob_Cousy
Joel Embiid,https://en.wikipedia.org/wiki/Joel_Embiid
Elvin Hayes,https://en.wikipedia.org/wiki/Elvin_Hayes
George Gervin,https://en.wikipedia.org/wiki/George_Gervin
Clyde Drexler,https://en.wikipedia.org/wiki/Clyde_Drexler
Willis Reed,https://en.wikipedia.org/wiki/Willis_Reed
Walt Frazier,https://en.wikipedia.org/wiki/Walt_Frazier
Russell Westbrook,https://en.wikipedia.org/wiki/Russell_Westbrook
Reggie Miller,https://en.wikipedia.org/wiki/Reggie_Miller
Allen Iverson,https://en.wikipedia.org/wiki/Allen_Iverson
Gary Payton,https://en.wikipedia.org/wiki/Gary_Payton
Paul Pierce,https://en.wikipedia.org/wiki/Paul_Pierce
Kevin McHale,https://en.wikipedia.org/wiki/Kevin_McHale_(basketball)
Luka Doncic,https://en.wikipedia.org/wiki/Luka_Don%C4%8Di%C4%87
Dominique Wilkins,https://en.wikipedia.org/wiki/Dominique_Wilkins
Ray Allen,https://en.wikipedia.org/wiki/Ray_Allen
Dwight Howard,https://en.wikipedia.org/wiki/Dwight_Howard
Anthony Davis,https://en.wikipedia.org/wiki/Anthony_Davis
Bob McAdoo,https://en.wikipedia.org/wiki/Bob_McAdoo
James Worthy,https://en.wikipedia.org/wiki/James_Worthy
Tracy McGrady,https://en.wikipedia.org/wiki/Tracy_McGrady
Dave Cowens,https://en.wikipedia.org/wiki/Dave_Cowens
Wes Unseld,https://en.wikipedia.org/wiki/Wes_Unseld
Dolph Schayes,https://en.wikipedia.org/wiki/Dolph_Schayes
Dennis Rodman,https://en.wikipedia.org/wiki/Dennis_Rodman
Damian Lillard,https://en.wikipedia.org/wiki/Damian_Lillard
Carmelo Anthony,https://en.wikipedia.org/wiki/Carmelo_Anthony
Earl Monroe,https://en.wikipedia.org/wiki/Earl_Monroe
Chris Webber,https://en.wikipedia.org/wiki/Chris_Webber
Billy Cunningham,https://en.wikipedia.org/wiki/Billy_Cunningham
Nate Archibald,https://en.wikipedia.org/wiki/Nate_Archibald
Robert Parish,https://en.wikipedia.org/wiki/Robert_Parish
Paul George,https://en.wikipedia.org/wiki/Paul_George
Hal Greer,https://en.wikipedia.org/wiki/Hal_Greer
Bill Walton,https://en.wikipedia.org/wiki/Bill_Walton
Alonzo Mourning,https://en.wikipedia.org/wiki/Alonzo_Mourning
Jerry Lucas,https://en.wikipedia.org/wiki/Jerry_Lucas
Sam Jones,https://en.wikipedia.org/wiki/Sam_J._Jones
Pau Gasol,https://en.wikipedia.org/wiki/Pau_Gasol
Alex English,https://en.wikipedia.org/wiki/Alex_English
Kyrie Irving,https://en.wikipedia.org/wiki/Kyrie_Irving
Pete Maravich,https://en.wikipedia.org/wiki/Pete_Maravich
Manu Ginobili,https://en.wikipedia.org/wiki/Manu_Gin%C3%B3bili
Spencer Haywood,https://en.wikipedia.org/wiki/Spencer_Haywood
Grant Hill,https://en.wikipedia.org/wiki/Grant_Hill
Vince Carter,https://en.wikipedia.org/wiki/Vince_Carter
Chris Bosh,https://en.wikipedia.org/wiki/Chris_Bosh
Tony Parker,https://en.wikipedia.org/wiki/Tony_Parker
Dennis Johnson,https://en.wikipedia.org/wiki/Dennis_Johnson
Paul Arizin,https://en.wikipedia.org/wiki/Paul_Arizin
Nate Thurmond,https://en.wikipedia.org/wiki/Nate_Thurmond
Jayson Tatum,https://en.wikipedia.org/wiki/Jayson_Tatum
Bernard King,https://en.wikipedia.org/wiki/Bernard_King
Bill Sharman,https://en.wikipedia.org/wiki/Bill_Sharman
Artis Gilmore,https://en.wikipedia.org/wiki/Artis_Gilmore
Sidney Moncrief,https://en.wikipedia.org/wiki/Sidney_Moncrief
Lenny Wilkens,https://en.wikipedia.org/wiki/Lenny_Wilkens
Dave DeBusschere,https://en.wikipedia.org/wiki/Dave_DeBusschere
Dave Bing,https://en.wikipedia.org/wiki/Dave_Bing
Jimmy Butler,https://en.wikipedia.org/wiki/Jimmy_Butler
Draymond Green,https://en.wikipedia.org/wiki/Draymond_Green
Marc Gasol,https://en.wikipedia.org/wiki/Marc_Gasol
Kyle Lowry,https://en.wikipedia.org/wiki/Kyle_Lowry
Ben Wallace,https://en.wikipedia.org/wiki/Ben_Wallace_(basketball)
Joe Dumars,https://en.wikipedia.org/wiki/Joe_Dumars
Klay Thompson,https://en.wikipedia.org/wiki/Klay_Thompson
Giannis Antetokounmpo,https://en.wikipedia.org/wiki/Giannis_Antetokounmpo
